S.N,title,sentiment_label,category
1,China displays its military strength in a parade on the 80th anniversary of the end of WWII,positive,Politics
2,NepalÃ¢â‚¬â„¢s 8 most popular internet service providers (ISPs) and their unique strengths,positive,Economy
3,World's first hydrogen-powered ferry free to ride,positive,Technology
4,"Marchand, McIntosh rampant as US end turbulent worlds with record",neutral,Sports
5,"3 dead, 1 missing as rain pounds New ZealandÃ¢â‚¬â„¢s largest city",negative,Natural Disasters
6,Sandeep Lamichhane misses Vitality Blast due to visa delay,negative,Sports
7,6 reasons why consumer rights issues should receive more attention in Nepal than today,neutral,Social Issues
8,TikTok launches Search Guide in Nepal for sexual abuse awareness and help,neutral,Social Issues
9,German President honours Nepalmed founders for humanitarian work in Nepal,positive,Others
10,OnePlus Nord 3 5G in Nepal: Premium mid-range option from OnePlus is available for pre-order with an upgrade from last year,positive,Technology
11,Business of gift items thriving along Mechi Highway,positive,Economy
12,11 international plays being staged at NITFest,neutral,Entertainment
13,Examining the nutritional status and eating habits of Nepali adolescents,neutral,Social Issues
14,Malaysian citizen arrested with substance looks like cocaine,negative,Social Issues
15,China's lead in global rankings in high-quality research papers and knowledge production,positive,Economy
16,Vivo Y12s in Nepal: Another plain budget smartphone,neutral,Technology
17,Visit Lumbini to experience Buddhist cultures from around the world. HereÃ¢â‚¬â„¢s the guide,neutral,Entertainment
18,British Ambassador Fenn calls on VP Yadav,neutral,Politics
19,Fugitive Ghimire arrested on banking offense,negative,Social Issues
20,Redmi Note 10 Pro: Why this new model is likely to rule the mid-range phone market in Nepal,positive,Technology
21,Electric vehicle import has hit a roadblock in Nepal. Does it smell fishy?,negative,Economy
22,Bagmati CM Jamkattel taken to hospital after feeling unwell,negative,Social Issues
23,Climbing Ama Dablam amid Covid-19 was a dream come true for Qatari royal,positive,Entertainment
24,Nepal cricket squad announced for bilateral series with Zimbabwe A,neutral,Sports
25,Resident doctors boycott OPD services,negative,Social Issues
26,JSP Nepal to seek legal recourse,neutral,Politics
27,Could nuclear desalination plants beat water scarcity?,neutral,Technology
28,"Pathibhara cable car construction halted, protests withdrawn",negative,Social Issues
29,"Dhanusha: Man arrested on the charge of killing dad, wife",negative,Social Issues
30,Middle class suffers from the disease of middlity: It should take risks to overcome it,negative,Economy
31,Deliberations meaningless if budget is not changed: Lawmaker Ghimire,negative,Politics
32,Snowfall leaves 10 tourists including two foreigners trapped at Mera Peak area,negative,Natural Disasters
33,Teaching at the right level: Strategic imperative for inclusive education,positive,Social Issues
34,Why is Pubudu DassanayakeÃ¢â‚¬â„¢s second stint as Nepal cricket coach forgettable?,negative,Sports
35,Poco M4 Pro 5G in Nepal: A prudent pick for a better camera and chipset,positive,Technology
36,Contempt of court case filed against PM Oli,neutral,Politics
37,NepalÃ¢â‚¬â„¢s public debt status amid the Sri Lanka crisis: WhatÃ¢â‚¬â„¢s exaggerated? WhatÃ¢â‚¬â„¢s real?,neutral,Economy
38,AinÃ¢â‚¬â„¢t we women: Multiple marginalisations of Dalit women in Nepal,neutral,Social Issues
39,"Some Nepalis promoted Ã¢â‚¬ËœNarahari butiÃ¢â‚¬â„¢ as a Covid-19 drug. But, read this before you take it",negative,Social Issues
40,Top 8 art galleries in Kathmandu art enthusiasts must visit,positive,Entertainment
41,Internet Explorer's final resting place: as a 'world-class joke' in South Korea,negative,Technology
42,Thailand launches airstrikes on Cambodia after border shooting incident,neutral,Politics
43,Charles Sobhraj left NepalÃ¢â‚¬â€œand a romantic relationship that he had developed behind bars,neutral,Social Issues
44,Unregistered paragliders to be declared illegal from next fiscal year,negative,Politics
45,Court allows 3-day detention of Congress Lawmaker Rai for investigation,neutral,Social Issues
46,Patient dies in ambulance after BP Highway blocked by landslide,negative,Natural Disasters
47,"9 must-visit destinations in Pokhara, NepalÃ¢â‚¬â„¢s tourism capital",positive,Entertainment
48,How Nepali women are stepping towards agro-entrepreneurship amid challenges,neutral,Social Issues
49,"Tribhuvan University warns its teachers, staff against fighting party polls",negative,Politics
50,Nepal Covid-19 tally: 44.87% of total tests turn positive,neutral,Social Issues
51,Rapper Laure arrested in Pokhara for a drug offence,negative,Social Issues
52,58% of Nepalis think corruption is increasing in the country,negative,Social Issues
53,Madhes Province is full of potential: PM Oli,positive,Politics
54,Dholes are on the verge of extinction. HereÃ¢â‚¬â„¢s why we need to save them,negative,Social Issues
55,Rishipanchami observed with ritual bath and worship in Gaurighat (Photos),neutral,Entertainment
56,8 best classic Nepali movies to watch during lockdown,positive,Entertainment
57,"Nepalis deported from US return via charter flight, many carrying sacks",negative,Social Issues
58,"Nepal Covid-19 tally: 1,920 new cases, 2,248 recoveries, 24 deaths in 24 hours",negative,Social Issues
59,John and the Locals to headline at Chyasal Stadium on April 5,neutral,Entertainment
60,UML says M Adhikari is not Maha Prasad Adhikari yet doesnÃ¢â‚¬â„¢t clarify who this person is,neutral,Politics
61,Sean Baker wins best director Oscar for 'Anora' in Academy Awards sweep,positive,Entertainment
62,Nepal budget 2021/22: 9 things you should know,neutral,Economy
63,Kushal Bhurtel: Nepal cricketÃ¢â‚¬â„¢s humble underdog stole the limelight quite late. What next?,negative,Sports
64,"National sport volleyballÃ¢â‚¬â„¢s biggest tournament, 8th PM Cup, kicks off",positive,Sports
65,Nepal WomenÃ¢â‚¬â„¢s Team dominates Laos in 9-goal,neutral,Sports
66,Redmi Note 14 Pro 5G: Fresh new design and performance at a mid-range price,positive,Technology
67,Customs introduced for goods above Rs 100 from border area markets,neutral,Economy
68,9 websites to kill your boredom during Ã¢â‚¬Ëœsmart lockdownÃ¢â‚¬â„¢,neutral,Entertainment
69,Online education: Not yet a necessity in Nepal,neutral,Social Issues
70,Private schools rally with buses on ring road demanding changes in Education Bill (Photos),neutral,Social Issues
71,"'Nepal should negotiate, not be hasty in endorsing BRI'",neutral,Politics
72,"World's largest freshwater fish found in Mekong, scientists say",neutral,Social Issues
73,At least 41 dead as passenger coach falls into ravine in Pakistan,negative,Social Issues
74,Passengers evacuate onto wing of American Airlines plane after engine catches fire,negative,Social Issues
75,JiriÃ¢â‚¬â„¢s once glorious identity as gateway to Everest is now losing its grace,negative,Social Issues
76,Agricultural exports worth Rs 1.32 Billion from Kakarbhitta in one month,neutral,Economy
77,Blooming rhododendrons please tourists,positive,Entertainment
78,Big B's comment on IMF chief Gopinath's beauty draws flak for being sexist,negative,Social Issues
79,"Yamaha bikes and scooters: Nepal price list for August 2021. Plus, 5 best models to watch",positive,Economy
80,Australia proposes 'world-leading' ban on social media for children under 16,neutral,Politics
81,"Ganguly complains of chest-pain, admitted to hospital in Kolkata",negative,Sports
82,Loan Shark victims protest in front of Singha Darbar,neutral,Social Issues
83,"Pasdawa Sherpa from Nepal creates history, becomes the fastest to climb 5 highest peaks",positive,Sports
84,Kulman Ghising files petition to challenge unlawful dismissal,neutral,Politics
85,Nothing Phone 2 in Nepal: Unlock exciting possibilities with its glyph interface,positive,Technology
86,"Samsung Galaxy A33 5G in Nepal: The upgrades in features can be an upset, price-wise",positive,Technology
87,Indian Power Minister arrives in Nepal for 2-day visit,neutral,Politics
88,"Surkhet priest, shamans arrested for abusing a woman",negative,Social Issues
89,"Tens of thousands gather for Hindu festival at Nepal temple, with many lighting up marijuana joints",neutral,Social Issues
90,"Harnessing the power of generative AI: Tips, tricks, and practical applications for 2023",positive,Technology
91,U-19 WomenÃ¢â‚¬â„¢s World Cup: Nepal opts to bat after winning toss against Scotland,neutral,Sports
92,(Updated) Simrik Air helicopter crash in Sankhuwasabha: 1 dead,negative,Natural Disasters
93,Himalayan Art Council launches digital certification to safeguard Nepali art heritage,neutral,Social Issues
94,Digital marketing trend in 2023: 7 trends that are likely to continue rest of this year,neutral,Technology
95,"Clear skies across country, partial clouds in hilly regions",neutral,Others
96,Two dead bodies recovered after Simaltal accident identified,negative,Social Issues
97,PM commends TU for implementing academic calendar,positive,Politics
98,"Three killed, two injured as jeep plunges into Madi River in Tanahun",negative,Social Issues
99,Foreign Minister calls for global support in climate finance and sustainable agriculture,neutral,Politics
100,Asian Central Zone Volleyball Challenge Cup: Nepal win the title again,positive,Sports
101,Revolution and child rights: Gravely ignored issue,negative,Social Issues
102,"Samsung phones: Price in Nepal for August 2021. Plus, 5 best phones to buy",positive,Technology
103,Duchess of Edinburgh praises NepalÃ¢â‚¬â„¢s achievements in eye care,positive,Social Issues
104,Captivating Katha-Ek takes the stage at Mandala Theatre (Photos),neutral,Entertainment
105,Nationwide internet outage in Nepal after payment dispute with Indian bandwidth provider,negative,Technology
106,All you need to know about the Miss Nepal 2025 winners,neutral,Entertainment
107,Becoming young or independent isnÃ¢â‚¬â„¢t enough to woo voters. HereÃ¢â‚¬â„¢s what such candidates need to focus on for local elections,neutral,Politics
108,Amazfit GTS 2 new version in Nepal: A bezel-less display with plenty of watch faces to choose from,positive,Technology
109,Sisan Baniya hints at ending YouTube vlogging after Tihar,neutral,Entertainment
110,"80% of Covid-19 hospital beds in Banke, once a hotspot, are vacant now",negative,Social Issues
111,NetflixÃ¢â‚¬â„¢s top 10 most-watched films: Ã¢â‚¬ËœThe Electric StateÃ¢â‚¬â„¢ leads the chart,positive,Entertainment
112,Digital data loss is troubling Nepal in front of the helpless government,negative,Technology
113,Cybercrime in Nepal: The silent epidemic,negative,Technology
114,"Gold price gain Rs 1,000 per tola, silver follows suit",neutral,Economy
115,Curfew imposed in Kathmandu following violent monarchist protest,negative,Politics
116,"Ukraine says Russia launched its biggest drone attack yet, part of an escalating campaign",negative,Politics
117,Road accidents claim 191 lives in five months in Koshi Province,negative,Social Issues
118,Philosophy Vital To Grasp Science,neutral,Others
119,"'KP Sharma Oli: Dream, Struggle and Resolve' launched",neutral,Politics
120,"DDC struggles to sell 600 tons of dairy products as stockpiles grow, farmer payments stall",negative,Economy
121,Tiger kills 8-year-old boy in Bajura,negative,Natural Disasters
122,Unregulated limestone extraction from cement industries leaving Dang farmers in tears,negative,Social Issues
123,The creator economy is on the rise in Nepal. Let the youth cash in on it,positive,Economy
124,19th Asian Games: Japan defeats Nepal 8-0,neutral,Sports
125,Early warning alerts save lives in remote villages once left in ruins,neutral,Natural Disasters
126,"Election would be successful through cooperation, collaboration and inter-relations: CEC Thapaliya",positive,Politics
127,Great cormorants at Taudaha lake on Kathmandu outskirts (Photo feature),positive,Others
128,"UMLÃ¢â‚¬â„¢s election manifesto promises foundations for good governance, prosperity and socialism",positive,Politics
129,Germany: 25 arrested on suspicion of planning armed coup,negative,Politics
130,Search suspended for two Sherpa climbers missing in Annapurna avalanche; presumed dead,negative,Natural Disasters
131,Korean FA to pay Nepal football coachÃ¢â‚¬â„¢s salary,neutral,Sports
132,In Pictures: Thimi comes alive with Sindoor Jatra celebrations,positive,Entertainment
133,Separate bills on aviation services and Civil Aviation Authority registered in Parliament,neutral,Politics
134,The Nepali film industry is sexist. ItÃ¢â‚¬â„¢s high time it changed,negative,Social Issues
135,"Quarantine facilities to be upgraded, turned into isolation locations: MoHP",neutral,Social Issues
136,"Fire incidents reported in 15 districts, forest fires in 3 districts within 24 hours",negative,Natural Disasters
137,"OnePlus Nord CE 2 5G in Nepal: Better in key aspects, but some improvements are still missing",positive,Technology
138,"The magic of Mochou Mochou, a Ming Dynasty romance that still resonates",positive,Entertainment
139,Remote work in Nepal: Unleashing tourism potential through digital nomad policies,positive,Economy
140,Green economy in NepalÃ¢â‚¬â„¢s prospect: The path ahead,positive,Economy
141,Sediment accumulation impedes SaptakoshiÃ¢â‚¬â„¢s flow,negative,Natural Disasters
142,Tongue-piercing festival being observed in Madhyapur Thimi,neutral,Entertainment
143,Why internet growth has stalled in India,negative,Technology
144,NepalÃ¢â‚¬â„¢s mighty libero: Salina ShresthaÃ¢â‚¬â„¢s unmatched tenacity in Nepali womenÃ¢â‚¬â„¢s volleyball,positive,Sports
145,"As Covid-19 third wave approaches its peak, govt itself is in isolation in Nepal",neutral,Social Issues
146,When the ice runs dry: NepalÃ¢â‚¬â„¢s vanishing glaciers and the coming water crisis,negative,Social Issues
147,5 best Nepali apps for your smartphone,positive,Technology
148,"With a fresh case reported, rhino deaths continue to trouble Chitwan National Park",negative,Social Issues
149,Habitat problem arises as tiger population rises,negative,Social Issues
150,Nepal lost to Scotland by two runs,negative,Sports
151,Nepal secures another dominant 7-0 victory over Sri Lanka in SAFF U-20 WomenÃ¢â‚¬â„¢s Championship,positive,Sports
152,"21 months on, Nepal, India fail to meet again on Pancheshwar",negative,Politics
153,Recent floods are a wake-up call for Nepal,neutral,Natural Disasters
154,Our approach to responding to loss and damage is a country-led and bottom-up one: Diong,neutral,Politics
155,"Sunsari road collision: Death toll rises to four, three victims identified",negative,Social Issues
156,Canvasso Nepal: This startup gives you affordable artwork within your palm,positive,Economy
157,Luto Phalne tradition is dying out. What was it? Why was it in existence?,negative,Social Issues
158,Luxury import ban closes 58 auto dealersÃ¢â‚¬â„¢ business,neutral,Economy
159,From Bhaktapur to Kantipur: This art exhibition tells you why Bhaktapur outperforms other cities in Kathmandu,positive,Entertainment
160,Strip club Cinderella story 'Anora' wins best picture at 97th Academy Awards,positive,Entertainment
161,Saptari child murdered after attempted rape,negative,Social Issues
162,"India, China congratulate PM Pushpa Kamal Dahal, look forward to better ties with Nepal",positive,Politics
163,The silent crisis in Nepali music education,negative,Social Issues
164,Russain ambassador pays courtesy call on FM Rana,neutral,Politics
165,"Nepal Covid-19 tally: 1,980 new cases, 3,043 recoveries, 16 deaths in 24 hours",negative,Social Issues
166,Samsung Galaxy S25 Ultra: Can AI completely transform the future of flagship smartphones?,positive,Technology
167,PM Oli congratulates Bantamweight Champion Rabindra Dhant,positive,Sports
168,Ã¢â‚¬ËœRed mercuryÃ¢â‚¬â„¢ claims on social media just a hoax,negative,Social Issues
169,"Nepal Covid-19 tally: 2,525 new cases, 2,086 recoveries, 35 deaths in 24 hours",negative,Social Issues
170,Chhiri Aangjum makes it to 'Four Female Siblings on Everest Summit',neutral,Sports
171,Significant flood blocks Mid-Hill Highway in Baglung,negative,Natural Disasters
172,Realme GT Neo 3: An embodiment of speed and performance proves the brandÃ¢â‚¬â„¢s zeal to lead the Nepali market,positive,Technology
173,"Foreign Minister returns, calls Japan visit fruitful",positive,Politics
174,"Nepal International Film Festival wraps up, honouring top films",positive,Entertainment
175,"Amid pandemic, India organised IPL. What will be the fate of major cricket leagues in Nepal?",negative,Sports
176,Over 25 households at landslide risk in Jethal of Sindhupalchok,negative,Natural Disasters
177,Govt planning to print smart licence in all seven provinces,neutral,Politics
178,US imposes full travel ban on citizens from 12 countries,negative,Politics
179,World leaders offer their congratulations to Trump,positive,Politics
180,Chitwan reports 3 rhino deaths in 5 days,negative,Social Issues
181,Earthquake of 4.2 magnitude hits Jajarkot,neutral,Natural Disasters
182,Donald Trump wins the White House  in a political comeback,positive,Politics
183,What is your memory of teachers? Reflecting on the teacher-student dynamics,neutral,Social Issues
184,Dhading: 20-year-old woman missing for 10 days found dead,negative,Social Issues
185,Nepal faces third consecutive defeat in Triangular T20I Series,negative,Sports
186,"Poudel gets 9 yrs in jail, Rs 232.7 million in fine in connection to Payment Gateway Scam",negative,Social Issues
187,Aasif wins ICC Spirit of Cricket Award 2022,positive,Sports
188,"NepalÃ¢â‚¬â„¢s Mach24 Orbitals joins NVIDIA Inception Program, accelerating AI-driven rocket technology",neutral,Technology
189,Govt decides to continue relaxed mode of lockdown until July 22,neutral,Politics
190,Woman found dead in Kathmandu southern outskirts in mysterious circumstances,negative,Social Issues
191,"Three killed, 15 injured in Sunsari highway collision",negative,Social Issues
192,Over Rs 7 billion at risk as cooperative owner dupes banks and depositors,negative,Economy
193,Xiaomi launches Redmi 15 and Redmi 15C in Nepal,positive,Technology
194,Jacaranda in Kathmandu: A beautiful flowerÃ¢â‚¬â„¢s Ã¢â‚¬ËœinvasiveÃ¢â‚¬â„¢ love affair with NepalÃ¢â‚¬â„¢s capital,positive,Others
195,Maha Shivaratri being celebrated today,positive,Entertainment
196,Hawaii commemoration to draw  handful of Pearl Harbour survivors,neutral,Others
197,Hostel 3 earns  Rs. 43. 3 million,neutral,Entertainment
198,"Nepal cricket crisis Ã¢â‚¬ËœoverÃ¢â‚¬â„¢ as Malla, others join back the team",neutral,Sports
199,Pokhara hostel warden binds 6-year-oldÃ¢â‚¬â„¢s penis with a rubber band for bedwetting,negative,Social Issues
200,Housing need of poor to be addressed thru microfinance,neutral,Social Issues
201,"Failure to renew health insurance on time could cost up to Rs 17,500",negative,Social Issues
202,"Floods in Brazil kill about  75 people, over 103 missing",negative,Natural Disasters
203,"Ncell CEO: Data is the future of NepalÃ¢â‚¬â„¢s telecom market, but 5G is still an enterprise proposition",positive,Economy
204,"Two killed, over 24 injured in bus accident in Saptari",negative,Social Issues
205,Pulsar Sports Award 2022: HereÃ¢â‚¬â„¢s the compiled list of winners,neutral,Sports
206,Xiaomi 13 Pro in Nepal is still awaited. What will the flagship phone offer you?,positive,Technology
207,16 people arrested on charge of murdering youth in Kathmandu,negative,Social Issues
208,"Fire aboard US airliner after diverted to Denver, 12 injured",negative,Social Issues
209,Rhino census uncertain due to budget crunch following suspension of USAID project,negative,Social Issues
210,Top 10 museums in Kathmandu you must visit,positive,Entertainment
211,Supreme Court refuses to give interim order against 12 writ petitions,negative,Politics
212,Flood alert issued as water level rises in Mohana River,neutral,Natural Disasters
213,"With India eyeing hydropower projects in Nepal, it is important for Nepal to set goals and boundaries",neutral,Politics
214,Bus Ride Ordeal  In Kathmandu,neutral,Social Issues
215,Yopesh Pradhan: NepalÃ¢â‚¬â„¢s pioneer sports live broadcaster looks forward to better days ahead,positive,Sports
216,Five workers killed in suspension bridge construction accident in Ropla,negative,Social Issues
217,BuffonÃ¢â‚¬â„¢s dream come true,positive,Sports
218,Activity picks up at Everest Base Camp as new climbing season begins,neutral,Others
219,NC denies Home Minister Lekhak's involvement in visit visa scandal,neutral,Politics
220,People aged 60-65 years await vaccination,neutral,Social Issues
221,HoR meeting postponed till Wednesday,neutral,Politics
222,Butterfly conservation: A vital call to protect natureÃ¢â‚¬â„¢s silent pollinators,positive,Social Issues
223,"At least 40 Nepalis deported from the US, arriving in Kathmandu today on chartered flight",neutral,Social Issues
224,Ten people killed in wildlife attacks,negative,Natural Disasters
225,Current political coalition shall continue until 2084 elections: PM Oli,neutral,Politics
226,Axar Patel to captain Delhi Capitals in IPL 2025,neutral,Sports
227,Nepal monsoon: Melamchi locals recount how floods left them homeless,negative,Natural Disasters
228,Janai Purnima being celebrated across Nepal,positive,Entertainment
229,Nepal congratulates Draupadi Murmu with hopes of new heights in Nepal-India relations,positive,Politics
230,Supreme Court tells Election Commission to not ask for existing officialsÃ¢â‚¬â„¢ resignation,neutral,Politics
231,Beers NÃ¢â‚¬â„¢ Cheers: Promoting original music one band at a time,positive,Entertainment
232,"Guests from US, China to visit to observe Indra Jatra",neutral,Entertainment
233,The stigmatisation of divorce adds woes to problems of women in Nepal,negative,Social Issues
234,Muslims in Nepal celebrate Eid ul-Fitr with prayers and festivities (Photos),positive,Entertainment
235,Women in science: HereÃ¢â‚¬â„¢s an inspiring bunch of 8 Nepali researchers,positive,Social Issues
236,Groundbreaking transplant of pig heart into living recipient performed for second time ever,positive,Social Issues
237,"Lumpy skin disease spreads in Sunsari, 53 cattle dead",negative,Social Issues
238,"President Paudel observes Chhath, offers Argha to setting Sun",neutral,Entertainment
239,Evolving soundscape of Nepali music 2025: 8 standout tracks that ruled January,positive,Entertainment
240,"Reinventing Nepali journalism, exploring fresh opportunities",positive,Others
241,Nepal to participate in ESports World Cup 2025,neutral,Sports
242,Nepal gets comfortable victory over Oman in U-19 Asia qualifier,positive,Sports
243,Final preparation for Chhath at Gangasagar,neutral,Entertainment
244,Rabi Lamichhane suspended as HoR member: Parliament Secretariat,neutral,Politics
245,Kathmandu city-activists feud at Chusya Baha: Department begins excavation,neutral,Social Issues
246,"Tribhuvan University, you have wasted my time. Can you give it back?",negative,Social Issues
247,Pandey sent to  jail under sexual abuse charges,negative,Social Issues
248,MoFA is ready to improve service delivery at foreign missions: Minister Rana,positive,Politics
249,NepalÃ¢â‚¬â„¢s 9 most popular digital TV service providers for your home,positive,Economy
250,IPPAN welcomes power deal between Nepal and Bangladesh,positive,Politics
251,Election fever grips Nepal as major parties field their candidates in key cities,neutral,Politics
252,Fake Bhutanese refugee scam: UNHCR says the resettlement programme wonÃ¢â‚¬â„¢t resume again,negative,Politics
253,Linguist Chudamani Gautam passes away,negative,Social Issues
254,"2 children killed, 8 houses destroyed in Morang fire",negative,Natural Disasters
255,"Chattu Chai: Inspired by Terai culture, a new tea shop in Kathmandu can be a hub for all tea lovers",positive,Economy
256,Public holiday on Thursday to mark Eid al-Adha,neutral,Entertainment
257,Realme Narzo 50i Prime in Nepal: Pick this budget phone for a trendy design (and nothing else),positive,Technology
258,Poco X3 Pro: One of the best mid-range phones in the Nepali market,positive,Technology
259,"NEPSE posts double-digit growth, all groups become green",positive,Economy
260,Kathmandu Valley logs 145 new cases of Covid-19 on Wednesday,neutral,Social Issues
261,13 women convicted in Cambodia of acting as surrogates for foreign clients,negative,Social Issues
262,Fencing in Nepal: Too many problems prevent the sport from its growth,negative,Sports
263,Activities spreading politics of hatred by destroying social dignity will be curtailed: PM Oli,negative,Politics
264,Beni-Jomsom road to be blocked 5 hrs every day for maintenance,negative,Social Issues
265,8 tips to excel in online job search and application as itÃ¢â‚¬â„¢s popular in Nepal,positive,Others
266,Revival of monarchy Is mere daydreaming: PM Oli,neutral,Politics
267,2 rhinos found dead in Chitwan,negative,Social Issues
268,PM Oli condoles demise of former Indian PM,neutral,Politics
269,Rabi Lamichhane reacquires citizenship certificate,neutral,Politics
270,Gandaki Provincial Assembly meet put off after a lawmaker goes missing,negative,Politics
271,Price list: 8 best mid-range smartphones (Rs 30-50k) in Nepal as of January 2022,positive,Technology
272,Mahindra XUV 700 in Nepal: Stylish bold new look with many options to choose from,positive,Technology
273,Applications called from youth in selected local units of Karnali for a climate fellowship grant,neutral,Social Issues
274,"NAC staff, backed by Minister Ale, block 3 members from board meeting",neutral,Politics
275,Some historic idols stolen from Nepal have returned home. Challenges galore have stopped others,negative,Social Issues
276,Bishwokarma Puja and Vastu Day being observed today,neutral,Entertainment
277,Ride-sharing apps are being regulated. HereÃ¢â‚¬â„¢s what you need to know about it,neutral,Economy
278,Information leak from NRB governor? One company obtained LCs for 630 vehicles on the eve of the import restriction,neutral,Economy
279,Bibeksheel Sajha split closer as the Rabindra Mishra faction removes Milan Pandey,neutral,Politics
280,School Teachers and Staff Council to announce new protest programs today,neutral,Social Issues
281,Kwati: Know exciting health benefits of 9 ingredients,positive,Social Issues
282,Robertson 'emotional' before reunion with NI family,neutral,Social Issues
283,Redmi Note 14 4G: An impressive upgrade or a notable downgrade to its predecessor?,neutral,Technology
284,"Fernandes sends Man Utd into Europa League quarters, Spurs advance",neutral,Sports
285,Nepal women suffer 10-wicket defeat against Netherlands in T20I series,negative,Sports
286,"Chir installation at Basantapur, marking the start of Holi (Photos)",neutral,Entertainment
287,The psychology and culture behind corruption in Nepal,negative,Social Issues
288,Rahughat and Beni-Jomsom Road at high risk of flood and landslide,negative,Natural Disasters
289,"Sharada Gurung: Unmarried yet a mother of 100s, this woman exemplifies work is worship",positive,Social Issues
290,Nepal cricket teamÃ¢â‚¬â„¢s ODI status to continue until 2023,neutral,Sports
291,NepalÃ¢â‚¬â„¢s ICC ranking in ODIs improves,positive,Sports
292,Price list: 8 best dirt bikes in Nepal for 2022 (Updated),neutral,Technology
293,Hobbies for all ages: Start your journey to self-exploration today,positive,Others
294,Heavy rains disrupt nine highways across the country,negative,Natural Disasters
295,2 community football clubs achieve the A division rank. It will inspire players at the grassroots to dream big,positive,Sports
296,Kiev uses Western chemical weapons under guise of smoke shells in Sudzha Ã¢â‚¬â€ top brass,negative,Politics
297,262 kg of marijuana seized in Bara,neutral,Social Issues
298,High Court Butwal bench to hear Rabi LamichhaneÃ¢â‚¬â„¢s writ petition,neutral,Politics
299,The Elements to release Urja on Dec 11,neutral,Entertainment
300,Judshital Festival being observed in Tarai today,neutral,Entertainment
301,Nepal cricket is in trouble again as key players bat their discontent at CAN,negative,Sports
302,Honor X7 in Nepal: The brandÃ¢â‚¬â„¢s most economical model can be a pick for fresh design and big battery lovers,positive,Technology
303,Tyson Moktan: The powerlifting pioneer in the country wants to pave the way for the future,positive,Sports
304,"WomenÃ¢â‚¬â„¢s T20 Asia Qualifier: Nepal suffers first loss, defeated by Hong Kong",negative,Sports
305,Nepali rupee continues to get weakerÃ‚Â against USD as the fiscal year is closing,negative,Economy
306,"French Open: Roger Federer, Novak Djokovic and Andy Murray join the ceremony for Rafael Nadal",neutral,Sports
307,Nepali womenÃ¢â‚¬â„¢s football team gears up for 100th international match in Uzbekistan,neutral,Sports
308,Clean feed policy: Both proponents and opponents arenÃ¢â‚¬â„¢t happy. WhatÃ¢â‚¬â„¢s the problem anyway?,negative,Politics
309,Special Court cites 5 key grounds linking Ex-Minister Basnet to corruption in Teramocs procurement,neutral,Politics
310,Match-fixing suspicions as Nepal T20 League is on betting sites,negative,Sports
311,NA meeting: Lawmakers stress on effective implementation of budget,neutral,Politics
312,Kailali tractor accident kills driver,negative,Social Issues
313,"Darchula: Yarsagumba picker found dead after 6 days of avalanche, 1 still missing",negative,Natural Disasters
314,Messi leads Argentina into Copa America final,positive,Sports
315,Four family members injured in lightning strike in Sankhuwasabha,negative,Natural Disasters
316,Fake Bhutanese refugee scam: Former home minister Bal Krishna Khand arrested,negative,Politics
317,PM Oli's fruitful visit to China: Need of its emulation in Bodhgaya,positive,Politics
318,"Gold price hits record Rs 207,900 per tola",neutral,Economy
319,Pokhara cricket stadium unlikely to get complete anytime soon despite big investment and ambitious plan,negative,Sports
320,Trump shot in ear in rally assassination attempt,negative,Politics
321,Ã¢â‚¬ËœNepalis have strong democratic spiritÃ¢â‚¬â„¢,positive,Politics
322,Ripples of Thirst: KathmanduÃ¢â‚¬â„¢s ancient hiti system awaits revival,neutral,Social Issues
323,Samsung Galaxy A04 in Nepal: High-res 50MP camera is the biggest turn-on of the budget phone,positive,Technology
324,3rd edition of Rock Climbing Festival from May 3,neutral,Sports
325,7 most popular meme pages of Nepal,neutral,Entertainment
326,What happens after 30 minutes of walking? Here are 10 amazing benefits,positive,Social Issues
327,Bidya Devi Bhandari accused of privatising PresidentÃ¢â‚¬â„¢s Office Twitter account,negative,Politics
328,"Nepal Covid-19 tally: 1,584 PCR and 713 antigen cases in 24 hours, death toll up by 46",negative,Social Issues
329,Joorshital/Siruwa: A unique tradition of celebrating the New Year among Tharus in southern Nepal,positive,Social Issues
330,"Promoting EVs in Nepal offers opportunities, but you also need to address challenges together",positive,Economy
331,Acer launches latest lineup of high-performance monitors in Nepal,neutral,Technology
332,Probe committee formed on death of inmate during treatment,neutral,Social Issues
333,NEPSE: Stock market surges with high gains,positive,Economy
334,"Nepal Covid-19 tally: 10,703 new cases, 766 recoveries, 3 deaths in 24 hours",negative,Social Issues
335,Minister Saud in London for King Charles IIIÃ¢â‚¬â„¢s coronation,neutral,Politics
336,Najir Husen: A success thatÃ¢â‚¬â„¢s quick yet backed by a long struggle in the Nepal film industry,positive,Entertainment
337,Redmi Note 14 5G: The best budget 5G smartphone this year?,positive,Technology
338,Cycling in Nepal: The best trails for mountain bikers,positive,Sports
339,Nepal mobile phone import doubles in the past year thanks to the pandemic,neutral,Economy
340,"Despite criticism, Nijgadh International Airport once again gets Ã¢â‚¬Ëœsymbolic fundsÃ¢â‚¬â„¢ in new budget",positive,Politics
341,High hopes: How Nepal cricketers are preparing themselves to face India and Pakistan,neutral,Sports
342,Campaign to make Nepal street children-free nation expedited,neutral,Social Issues
343,CIAA files corruption case against former PM Madhav Kumar Nepal,negative,Politics
344,No consensus on Hami NepalÃ¢â‚¬â„¢s claim of leading the Gen-Z movement,neutral,Social Issues
345,Russia plans to hold drills  faking use of nuke weapons,negative,Politics
346,A Division League: Church Boys United become champion in debut season,positive,Sports
347,Nishant Nair: Street View brings NepalÃ¢â‚¬â„¢s landscapes and heritage closer to the world,positive,Technology
348,"339 new cases of COVID-19, 10 fatalities in 24 hours",negative,Social Issues
349,National Paddy Day marked amid fertilizer woes for farmers,negative,Social Issues
350,5 health benefits of yam: Eating tarulÃ¢â‚¬â„¢l on Maghe Sankranti and other times has promising rewards,positive,Social Issues
351,Nepal to face Sri Lanka again in SAFF U-20 WomenÃ¢â‚¬â„¢s Championship,neutral,Sports
352,"Unattended USD 10,800 found on Buddha Air aeroplane",negative,Social Issues
353,Rising wildfire threat spurs AI fire fighting solutions,neutral,Natural Disasters
354,Matatirtha Aunsi being celebrated today,positive,Entertainment
355,"Mutual goodwill, unity needed for fulfilling nation's agenda: DPM and Home Minister",positive,Politics
356,Guthi system in Nepal and perpetual debate: Win-win deal is possible and inevitable,positive,Politics
357,Sharada P AdhikariÃ¢â‚¬â„¢s Shailung fails to import fertilisers again,negative,Economy
358,Bote Community Homestay: Empowering locals and mitigating human-wildlife conflict one guest at a time,neutral,Social Issues
359,"Green tea: How much, when, and how to drink it?",neutral,Social Issues
360,The lost history of Thosey mine in NepalÃ¢â‚¬â„¢s central hills,neutral,Others
361,Price list: These 5 best phones await Nepal as lockdown gets relaxed in Kathmandu,positive,Technology
362,"UMLÃ¢â‚¬â„¢s pick of Keshav Sthapit, a #MeToo accused, for Kathmandu mayor raises moral questions",negative,Politics
363,"Sexual and gender minorities trapped, abused and ignored by Nepal",negative,Social Issues
364,Young cricket sensation Raunak Srivastav sets records and dreams bigger,positive,Sports
365,Nar Phu Valley trek: NepalÃ¢â‚¬â„¢s hidden gem full of culture and adventure,positive,Entertainment
366,6 biggest myths about food in Nepal busted,negative,Social Issues
367,Number of dolphins goes up in Saptakoshi River,neutral,Social Issues
368,Nepal football coach Abdullah Al Mutairi resigns,neutral,Sports
369,"KIMFF 2025 concludes, celebrating diverse voices and global stories",positive,Entertainment
370,PM Oli welcomes participants of Himabatkhanda literature conference,positive,Politics
371,Monkey Temple: 8 songs from NepalÃ¢â‚¬â„¢s pioneering alternative rock band you shouldnÃ¢â‚¬â„¢t miss,positive,Entertainment
372,Construction of international-level parapet begins at TU cricket stadium,neutral,Sports
373,Ram Chandra Paudel takes over as Nepal president,neutral,Politics
374,Gold prices hit record high in Nepal amid global surge,positive,Economy
375,Ectopic pregnancy incidence is high in Nepal. ItÃ¢â‚¬â„¢s high time the nation was aware of it,negative,Social Issues
376,Nepal womenÃ¢â‚¬â„¢s cricket team playing international series after 11 months,neutral,Sports
377,Non-Communicable Diseases: NepalÃ¢â‚¬â„¢s silent epidemic,negative,Social Issues
378,It could be the most open Premier League title race in years as clubs spend big to take advantage,positive,Sports
379,New bill registered in parliament to free Resham Chaudhary,neutral,Politics
380,"Heavy snowfall affects tourists, locals in Khumbu area",negative,Natural Disasters
381,Nepal suffers fourth loss at WomenÃ¢â‚¬â„¢s Day Cup,negative,Sports
382,Weather likely to remain fair across the country today,positive,Others
383,"Paras Khadka shares his ambition for cricket management, then politics",neutral,Sports
384,U-19 T20 World Cup: Nepal secures second consecutive win,positive,Sports
385,Woman found dead in Tanahu,negative,Social Issues
386,Budget deficit crosses over Rs 156 billion in eight months,neutral,Economy
387,"There is no alternative to participatory and transparent democracy, says Dr Baburam Bhattarai",neutral,Politics
388,Nepal loses to Netherlands in triangular series,negative,Sports
389,Embracing the bittersweet symphony: A profound journey from school days to adult life,positive,Others
390,"Deemed to be safe internationally, why are helicopter crashes so common in Nepal?",negative,Social Issues
391,Govt report states measles has spread in 16 districts,negative,Social Issues
392,Top of the World Golf Classic to be held in Lo-manthang,neutral,Sports
393,"Over 8,800 inmates still absconding: Dept of Prison Management",negative,Social Issues
394,JAAN provides relief materials to victim families of rain-induced disasters,neutral,Natural Disasters
395,International Nepali Literature Society celebrates 210th Bhanu Jayanti,positive,Entertainment
396,"8 best holiday destinationsÃ¢â‚¬â€œbesides Everest and IlamÃ¢â‚¬â€œin Province 1, NepalÃ¢â‚¬â„¢s easternmost region",positive,Entertainment
397,Reviving NepalÃ¢â‚¬â„¢s monarchy: A nostalgic fantasy in a democratic era,neutral,Politics
398,Samsung Galaxy M04 in Nepal: What to expect from the most affordable M-series smartphone?,positive,Technology
399,"*Update: 2 killed,10 injured in a road accident in Parbat",negative,Social Issues
400,How Kathmandu city govt is failing to protect cultural heritage,negative,Social Issues
401,All parties should move ahead together to fulfill people's aspirations: UML leader Pokhrel,positive,Politics
402,Four Nepali athletes to compete in World Aquatics Championships,neutral,Sports
403,Constitutional Council Bill passed by parliament,neutral,Politics
404,Curfew imposed in parts of Birgunj following clash during religious procession,negative,Politics
405,Samsung Galaxy S21 FE 5G 2023: The relaunched 2021 fan edition offers nothing new,positive,Technology
406,Mahottari domestic worker murdered by employer,negative,Social Issues
407,CJ nominee Hari Krishna Karki summoned for hearing on Thursday,neutral,Politics
408,Nepal football team need to win as many games as possible: Coach Vincenzo Alberto Annese,positive,Sports
409,Four die on spot in Dadeldhura jeep accident,negative,Social Issues
410,"In Oonko Sweater, music becomes the heartbeat of a humble love story",positive,Entertainment
411,Pathibhara cable car project explained: Why it is sparking protests and national debate,negative,Politics
412,China says it wants to promote Nepali films,neutral,Entertainment
413,"How Batas, a Nepal conglomerate, is misusing Indian aid meant for pilgrims for moneymaking",negative,Social Issues
414,Lumbini Ceramics Limited announces IPO issuance,neutral,Economy
415,No more airplane mode? EU allows calls on flights,neutral,Technology
416,Security tightened in Bihar after suspected terrorist infiltration through Nepal,neutral,Politics
417,Krish Yadav wins Glocal Teen Hero Nepal 2025,neutral,Entertainment
418,Realme 11 Pro+ 5G in Nepal: Mid-range smartphone with a beautiful design,positive,Technology
419,Best of 2021: How Nepalis on K2 surprised the world,positive,Sports
420,"Dasharath Stadium, NepalÃ¢â‚¬â„¢s only intÃ¢â‚¬â„¢l football venue, is plagued with super-basic problems for years",negative,Sports
421,"Budget comes with high aspirations, effective implementation needed: Paudel",positive,Politics
422,Ã¢â‚¬ËœExcited to represent Nepal and promote its cultureÃ¢â‚¬â„¢,positive,Entertainment
423,"Data of smart licenses safe, printing to begin",neutral,Technology
424,Supreme Court curtails services owing to Covid-19,negative,Politics
425,Chitwan National Park wildlife killed 14 people in 1 year,negative,Social Issues
426,Today's weather forecast: Light to moderate rain in some places,neutral,Natural Disasters
427,"China speeds up sci-tech, industrial innovation integration to steer high-quality development",positive,Technology
428,Gold price hits all-time high in domestic market,positive,Economy
429,Shiva Ratri celebrations in full swing at Pashupatinath Temple (Photo Feature),positive,Entertainment
430,6 best birdwatching paradises in Nepal,positive,Entertainment
431,Strengthening police integrity and accountability to build public trust in Nepal,positive,Social Issues
432,Rastriya Swatantra Party withdraws support extended to govt,neutral,Politics
433,Govt plan to bring back Melamchi water to Kathmandu by April unlikely to succeed,negative,Politics
434,Exploration of diverse art forms at Rich Museum of Craft and Design,positive,Entertainment
435,Cooperative fraud case: Rabi Lamichhane spent Rs 480 million with sole signature in Sahara Chitwan scam,negative,Social Issues
436,Intrepid Travel announces senior leadership changes to support Asia's growth strategy for 2025,positive,Economy
437,How a low-cost early warning system across the Nepal-India border saves lives every monsoon,positive,Natural Disasters
438,Chaos and comedy steal the show inside Bayupankhi Buffalo,negative,Entertainment
439,"Amid cholera and dengue outbreak, JE cases spike",negative,Social Issues
440,War fails to deter Nepalis from seeking work permit extension in Israel,negative,Social Issues
441,Vivo V21 in Nepal: Impressive upgrades come at a high price. Is the market ready?,positive,Technology
442,"Chinese astronauts return to Earth safely, experiencing busy, joyful space life",positive,Technology
443,Community forest users rue over lack of market for lemons,negative,Economy
444,Samsung Galaxy S25 and Galaxy S25+: A better alternative to flagship rivals?,positive,Technology
445,Lvneng LS01 3-wheeled e-scooter in Nepal: A great option for the differently-abled people,positive,Technology
446,Dashain Tika auspicious time at 11:53 am on October 2,neutral,Entertainment
447,Govt working to boost private sector morale: Finance Minister Poudel,positive,Economy
448,"Over 125,000 ride-share riders, 1 million users in Nepal amid legal grey zone",neutral,Economy
449,Tickets prices to go up as govt imposes VAT on air tickets,negative,Economy
450,Wildlife Awareness Week kicks off in Chitwan,neutral,Social Issues
451,"Afeela EV: Why is Sony-HondaÃ¢â‚¬â„¢s electric sedan, set to release in 2026, the talk of the world now?",neutral,Technology
452,Oli-administration draws all-round flak for cracking down on civic protesters,negative,Politics
453,"Whereabouts of 2 missing in Dhading landslide unknown, 1 found dead",negative,Natural Disasters
454,From Australia to Miss Nepal World 2025 Luna Luitel embraces responsibility and dreams big,positive,Entertainment
455,Lawmaker Bajgain asks Prez Deuba to sack two NC ministers,neutral,Politics
456,"Tanahun to be promoted as a sports hub, Dr Swornim Wagle says",neutral,Sports
457,Madhes Province records 40 per cent of countryÃ¢â‚¬â„¢s total leprosy cases,negative,Social Issues
458,International Labour Day being marked today (Photos),neutral,Social Issues
459,Post-budget forum at TU raises red flags over implementation and revenue leakages,negative,Politics
460,"Two killed, 22 injured in Rupandehi road accident",negative,Social Issues
461,"Two dead, 28 injured in Sindhuli bus accident",negative,Social Issues
462,3 volleyball players suspended for laying hands on spectators,negative,Sports
463,I have a dream to make digital Nepal: PM Prachanda,positive,Politics
464,Entrepreneurs want govt to continue tourism activities even amid Omicron threats,neutral,Economy
465,Mundum trek promotion fair kicks off,neutral,Entertainment
466,Nepal team makes debut at Cloud Top 2025 in China,neutral,Sports
467,These 7 Nepali startups give you unique fashion items,positive,Economy
468,Why did SAARC fail the hope for regional cooperation?,negative,Politics
469,Nepali Roots Conference 2025 concludes in Munich: A confluence of ideas and opportunities...,positive,Entertainment
470,Bara school bus hit kills 3-year-old,negative,Social Issues
471,"They spent years serving Everest climbers. This time, they climbed the highest peak on their own",positive,Entertainment
472,Why non-DalitsÃ¢â‚¬â„¢ silence is also violence against Dalits,negative,Social Issues
473,Nepal monsoon attractions: 8 places to visit,positive,Entertainment
474,Homes in Dharan Sub-metro beautified with flowers,positive,Entertainment
475,Nepali rupee hits record low against US dollar,neutral,Economy
476,Makalu-Barun area can be an ideal destination to trek after Everest,positive,Entertainment
477,Sudurpaschim to boast storage facility that would suffice petroleum supply for 90 days,positive,Economy
478,For Nabin K Bhattarai live shows are the heart of music,positive,Entertainment
479,"iPhones: Prices in Nepal as of August 2021. Plus, a review of the best Apple phone in Nepal",positive,Technology
480,9 coffee places in Kathmandu where you can enjoy good books too,positive,Entertainment
481,"World leaders condemn shooting at Trump rally, denounce political violence",negative,Politics
482,The Great Kabab Factory brings iconic Indian flavours to Kathmandu,positive,Entertainment
483,"MP collapses during National Assembly session, undergoing treatment",negative,Social Issues
484,Janardan Sharma pleads innocent to involving unauthorised persons in the budget plan,neutral,Politics
485,Tulasi: HindusÃ¢â‚¬â„¢ holy plant with surprising health benefits,positive,Social Issues
486,"Melamchi pipe burst causes damage in Thapathali, Road Cleared (Photo Feature)",negative,Natural Disasters
487,22 shortlisted for Miss Nepal 2020,neutral,Entertainment
488,"Riders demand cycle lanes, Govt. lacks policy",negative,Social Issues
489,"Top climbers, expedition companies honoured in Makalu festival",positive,Sports
490,"Skateboarding has a great potential for Nepal sports. But, infrastructure crisis has hit it hard",neutral,Sports
491,Businesses should partner with the public health sector in Nepal. HereÃ¢â‚¬â„¢s why and how,neutral,Social Issues
492,Bhaktapur Hospital adjudged Ã¢â‚¬Ëœbest hospitalÃ¢â‚¬â„¢ in Nepal,positive,Social Issues
493,"Preparations accelerate for Mt Everest expedition, Ã¢â‚¬ËœIcefall DoctorsÃ¢â‚¬â„¢ fixing safe route",positive,Social Issues
494,"3 dead, more than 800 people injured in Iran earthquake",negative,Natural Disasters
495,"Adrien Brody wins best actor for 'The Brutalist,' taking home his second career Oscar",positive,Entertainment
496,PM Deuba applauds contribution of Jyapu community to economy,positive,Politics
497,Burn patients in Nepal bear brunt of scarce resources and experts,negative,Social Issues
498,Four Nepali players eliminated in taekwondo,negative,Sports
499,"From roads to railways, China builds up strength in transport sector",positive,Economy
500,Nepal wins 10 medals including five gold medal in Bangladesh,positive,Sports
501,"Nepal Covid-19 tally: 3,114 new cases, 2,197 recoveries, 16 deaths in 24 hours",negative,Social Issues
502,The resonating echoes of Nepali youths,neutral,Social Issues
503,President-elect Ram Chandra Paudel leaves Nepali Congress before taking over,neutral,Politics
504,NGO supports the opening of a Ã¢â‚¬ËœmodelÃ¢â‚¬â„¢ library in Syangja,positive,Social Issues
505,"Star-studded Saudi Arabian, Japanese and Chinese clubs setting the pace in Asian Champions League",positive,Sports
506,"Peru bus plunges off cliff, killing at least 24",negative,Social Issues
507,Landslide disrupts traffic on Ridi-Wami road in Gulmi,negative,Natural Disasters
508,Scotland restricts Nepal to 119,neutral,Sports
509,10 best songs every Bipul Chettri fan should listen to,positive,Entertainment
510,"OPD services halted in government hospitals, patients left in limbo",negative,Social Issues
511,Nepal fuel prices go up again,negative,Economy
512,11 national highways completely blocked,negative,Natural Disasters
513,Some Kathmandu schools continue physical classes; city govt warns of action,neutral,Social Issues
514,Anup ThapaÃ¢â‚¬â„¢s film wins multiple awards abroad,positive,Entertainment
515,Nepal is hit hard as Ukraine crisis increases electricity price in India,negative,Economy
516,Narainapur in Banke: A successful case of NepalÃ¢â‚¬â„¢s federal constitution changing peopleÃ¢â‚¬â„¢s lives,positive,Social Issues
517,Realme Narzo N53 in Nepal: Beautiful design with iPhone-like camera layout,positive,Technology
518,Flood causes damage worth millions to Super Nyadi Hydro project,negative,Natural Disasters
519,2024 Toyota land cruiser 250 (LC 250): Redefining legendary heritage with modern comfort and style,positive,Technology
520,Landslide blocks Kodari Highway; 600 containers stuck across border,negative,Natural Disasters
521,"6,800 international passengers at Gautam Buddha International Airport in a month",neutral,Economy
522,Twin earthquakes jolt Baitadi; Tremors felt in nearby districts,neutral,Natural Disasters
523,IPPAN calls for high alert over flood threat,neutral,Natural Disasters
524,PM Prachanda says he is happy for SushmaÃ¢â‚¬â„¢s success,positive,Politics
525,(Updated) Interesting stories behind 20 surnames of the Newa community in Nepal,positive,Entertainment
526,Drought-stricken Madhesh finds hope in conservation ponds (Photos),positive,Natural Disasters
527,Nvidia plans to manufacture AI chips in the US for the first time,neutral,Technology
528,Indian BJP foreign affairs chief Vijay Chauthaiwale in Kathmandu upon PM DeubaÃ¢â‚¬â„¢s invite,neutral,Politics
529,"COVID-19 update:  535 new cases, 758 recoveries, 13 fatalities in 24 hours",neutral,Social Issues
530,CIAA files corruption case against Nepal Telecom MD Pahadi and 17 others,negative,Politics
531,"Zoe SaldaÃƒÂ±a wins first Oscar, sweeping awards season as best supporting actress in 'Emilia PÃƒÂ©rez'",positive,Entertainment
532,Nepal storms into ACC U-16 East Zone Cup final with dominant win over Malaysia,positive,Sports
533,Local level by-election today,neutral,Politics
534,"Israeli strikes on Gaza mosque and school kill 26, health ministry says",negative,Politics
535,Delay in releasing prep money makes top-tier league uncertain,negative,Sports
536,"MacBook and iMac: Prices in Nepal as of August 2021. Plus, a review of the best Apple computer in Nepal",positive,Technology
537,Magar Day celebrated with grandeur in Palpa,positive,Entertainment
538,Sony Xperia 1 V in Nepal: This flagship phone offers you a new leap in mobile photography,positive,Technology
539,Rampant Djokovic sets up final against Tsitsipas,neutral,Sports
540,Nepal judiciary needs revitalisation to save its sanctity,neutral,Politics
541,China announces roll-back of strict anti-COVID-19 measures,neutral,Politics
542,Dozens of migrants die in boat capsize off Yemen,negative,Social Issues
543,Fire in a hotel destroys four buildings in Rara,negative,Natural Disasters
544,Yadea T9 in Nepal: Better range and style cost less in this e-scooter,positive,Technology
545,"Actress Jenny Kunwar found dead, suicide suspected",negative,Social Issues
546,"CFMoto Zeeho Ae8: Futuristic, stylish and powerful electric scooter in Nepal",positive,Technology
547,"Nepal Covid-19 tally: 11,352 new cases, 613 recoveries, 4 deaths in 24 hours",negative,Social Issues
548,Essential stress management strategies for a productive work environment,neutral,Social Issues
549,Govt sets one-time tax for unregistered smartphones,neutral,Economy
550,Ã¢â‚¬ËœFine Arts Fair 2082Ã¢â‚¬â„¢ concludes on Saturday,neutral,Entertainment
551,Fire breaks out in electronic shop in Dhanusha,negative,Natural Disasters
552,Chitwan DAO orders closure of 45 unauthorized educational counseling centers,negative,Politics
553,Sanfe-Martadi road obstructed for over two months,negative,Natural Disasters
554,Brazilian football legend Roberto Carlos arrives in Nepal,neutral,Sports
555,"Nepal Covid-19 tally: 290 new cases, 232 recoveries, 3 deaths in 24 hours",negative,Social Issues
556,Nepal to host South Asian Regional Table Tennis qualification for Paris Olympics,neutral,Sports
557,NepalÃ¢â‚¬â„¢s Prince Dahal ranked number one junior badminton player in the world,positive,Sports
558,"Despite trying, Nepali CongressÃ¢â‚¬â„¢ general secretaries are falling short of expectations",negative,Politics
559,"Kathmandu Valley records a whopping 1,638 new cases of COVID-19, highest in a single day",neutral,Social Issues
560,"Gold price hits record high, crosses Rs 200,000 per tola",positive,Economy
561,Nepal gold price hits record high,positive,Economy
562,Fatal bus collision in Sunsari kills motorcyclist,negative,Social Issues
563,Brevis' record-breaking century for South Africa ends Australia's 9-match winning streak in T20s,positive,Sports
564,Vatsalya EWV ready to showcase world-class womenÃ¢â‚¬â„¢s volleyball in Pokhara,positive,Sports
565,ASUS Zenfone 10 in Nepal: Compact flagship powerhouse with an impressive 50MP Sony IMX766 sensor,positive,Technology
566,"Nepal in World Cup, Asian Cup qualifiers: Positive performance despite negative results signals hope",positive,Sports
567,Over 300 are climbing Everest this season as Nepal approves 876 to climb 25 peaks,neutral,Social Issues
568,Our relationship with Gorkhapatra is special: RBB CEO Khanal,positive,Others
569,"Outgoing French ambassador: Understanding Nepal takes time and effort, but it has a lot of potential for growth",positive,Politics
570,Muslims gather at Kashmiri Mosque for first Friday prayers of Ramadan (Photos),neutral,Social Issues
571,"Poush 15: A day of celebrations, traditions, and new beginnings",positive,Entertainment
572,Digital Age And The Gorkhapatra,neutral,Others
573,Nepali footballers eager to take the field at Dasharath Stadium after two years,positive,Sports
574,Covid Nepal: New variantsÃ¢â‚¬â„¢ infection is on the rise. ItÃ¢â‚¬â„¢s time to follow protocols again,negative,Social Issues
575,2 rhino calves found dead: Chitwan National Park claims natural death,negative,Social Issues
576,POCO M5 in Nepal: The budget option with satisfying performance comes at a reduced cost,positive,Technology
577,Tashi Gyalzen creates history with four Everest ascents in 15 days,neutral,Sports
578,ButwalÃ¢â‚¬â€œNarayanghadh Road blocked due to landslide in Daunne,negative,Natural Disasters
579,Chinese Premier Li welcomes PM Oli in Beijing,positive,Politics
580,Cosmetic science: How Nepal can learn from Thailand,neutral,Others
581,PM OliÃ¢â‚¬â„¢s upcoming visit amid India and China 12-point agreement,neutral,Politics
582,Samsung Galaxy M14 5G in Nepal: HereÃ¢â‚¬â„¢s why the brandÃ¢â‚¬â„¢s cheapest 5G smartphone will sell well,positive,Technology
583,OliÃ¢â‚¬â„¢s attorney general decided to spare Nawa Raj Silwal a forgery case,neutral,Politics
584,Pakistan skittled for 92 as West Indies wins third ODI by 202 runs for historic 2-1 series win,neutral,Sports
585,Robin Tamang: The icon who revolutionised rock and roll in Nepal,neutral,Entertainment
586,Skoda Kushaq: This new model is likely to challenge existing SUVs in Nepal,neutral,Technology
587,Active Monsoon to Bring Heavy Rainfall Across Multiple Provinces in Next 24 Hours,neutral,Natural Disasters
588,Afghanistan faces soaring hunger crisis as WFP seeks urgent aid,negative,Social Issues
589,Nepali womenÃ‚Â´s U19 begin Asian qualifiers with a win,positive,Sports
590,A man started a project to make a town green. Passion with persistence made it stand out,positive,Social Issues
591,"With AFC rule change, Nepal qualify for the third qualification round of the Asian Cup 2023",neutral,Sports
592,Passport chief overrides technical panel's suggestions in multi-million-dollar procurement,neutral,Politics
593,Nanda wins two gold medals in Taekwondo,positive,Sports
594,Harinagar getting prosperity from livestock venture,positive,Economy
595,Budget focused on giving impetus to economy: Finance Minister Poudel,positive,Politics
596,Collective efforts of all essential for  development and prosperity: Aazad,positive,Politics
597,"Realme C35 in Nepal: Glowing design, big battery and quick charge in the budget range",positive,Technology
598,"Renowned Everest guide says using xenon speeds climb and makes it safer, better for environment",positive,Natural Disasters
599,Celebrating Basanta Panchami (Photo Feature),positive,Entertainment
600,"Have worked to create hope on economy, says outgoing Finance Minister",positive,Politics
601,Extreme heat can damage some medicines,negative,Social Issues
602,Minister Renu Yadav warns of violence to suppress CK RautÃ¢â‚¬â„¢s rise,negative,Politics
603,"Forest fire spreads across 5,420 hectares in Chitwan",negative,Natural Disasters
604,Oli faction puts up show of strength in Rajbiraj,positive,Politics
605,"Kathmandu under siege as monarchist protesters wreak havoc, attack media and security forces",negative,Politics
606,Breakout star Mikey Madison wins best actress Oscar for 'Anora' over Hollywood veteran Demi Moore,positive,Entertainment
607,Pokhara school bus hills scooter rider to death,negative,Social Issues
608,10 best burger places in Kathmandu,positive,Entertainment
609,Govt positive to develop Sahid Gangalal Heart Center into Academy: PM Prachanda,positive,Politics
610,NepalÃ¢â‚¬â„¢s Ã¢â‚¬ËœIce ManÃ¢â‚¬â„¢ Aarif Sheikh proves his worth in middle order once again,positive,Sports
611,3 missing in Dhading landslide,negative,Natural Disasters
612,Redmi 10C in Nepal: High-res camera and fast charging system are worths of this budget phone,positive,Technology
613,6 dead as Manang Air helicopter crashes in Solukhumbu,negative,Natural Disasters
614,"IAP announces new leadership for 2025Ã¢â‚¬â€œ2028 term, expands global membership",positive,Others
615,NPL: Chitwan Rhinos crush Pokhara Avengers with an 87-run triumph,neutral,Sports
616,"Know everything about XiaomiÃ¢â‚¬â„¢s Redmi Note 10S, recently launched in Nepal",positive,Technology
617,"My Kora Challenge: KathmanduÃ¢â‚¬â„¢s annual cycling event goes across Nepal, spreading hopes",positive,Sports
618,Nepalgunj: Man found dead in mysterious circumstances,negative,Social Issues
619,Lukla travellers need either a Covid-19 vaccination certificate or PCR test report to fly,neutral,Social Issues
620,"Home Minister Acknowledges Prison Overcrowding, Pledges Reforms and Action Over Kailali Incident",neutral,Politics
621,"Volunteerism: It is powerful, rewarding and transformative",positive,Social Issues
622,Influencers and youth unanimously oppose proposal to lower legal marriage age,negative,Politics
623,"Afghanistan earthquake: Death toll reaches 622, Over 1,500 Injured",negative,Natural Disasters
624,Sustainable development is the path to a better future for developing countries,positive,Social Issues
625,"Thamel living festivals, revitalising NepalÃ¢â‚¬â„¢s tourism through culture",positive,Entertainment
626,8 best classic Nepali movies to watch in your free time,positive,Entertainment
627,Ram Kumari JhakriÃ¢â‚¬â„¢s claim that Oli didnÃ¢â‚¬â„¢t bring any Covid-19 vaccine was false,negative,Politics
628,Remembering Sita Dahal: A symbol of resilience and love,positive,Social Issues
629,NepalÃ¢â‚¬â„¢s Central Zoo to reopen amid Covid-19 pandemic,neutral,Social Issues
630,5 best free mobile photo editing apps for Nepalis,positive,Technology
631,Road obstructed at 13 different places across the country,negative,Natural Disasters
632,"Floods wreak havoc in Malaysia, southern Thailand with over 30 killed, tens of thousands displaced",negative,Natural Disasters
633,Nepal womenÃ¢â‚¬â„¢s football team are always neglected. Will they do wonder in SAFF WomenÃ¢â‚¬â„¢s Championship 2022?,negative,Sports
634,Lumpy skin disease goes out of control in Baitadi,negative,Social Issues
635,Kathmandu city wonÃ¢â‚¬â„¢t collect and transport waste for one week,negative,Social Issues
636,Bajhangi Deuda festival celebrated at Tundikhel on Saune Sankranti (Photos),positive,Entertainment
637,"Citing work permit issues, Nepal T20 League postponed again",negative,Sports
638,Lifeless hitis of Kathmandu: Revival is challenging but possible,neutral,Social Issues
639,Government preparing to bring Mass Communication Bill soon: Minister Sharma,neutral,Politics
640,Education Minister directs TU to conduct exams and publish results on designated times,neutral,Politics
641,4 wooden artefacts to be repatriated from Australia,neutral,Social Issues
642,Locals collect driftwood from Kali Gandaki River despite risks,neutral,Social Issues
643,7 coffee places in Kathmandu where you can enjoy good books too,positive,Entertainment
644,Palung has a lot to offer for one-day visitors from Kathmandu and around,positive,Entertainment
645,Seven injured in Kakikot road accident,negative,Social Issues
646,"One month of monsoon: 674 incidents, 31 deaths, 112 injuries",negative,Natural Disasters
647,Health Minister Khatiwada launches Covid-19 vaccination drive for children,neutral,Social Issues
648,NepalÃ¢â‚¬â„¢s Mach24 Orbital showcases space innovation at Startup Mahakumbh 2025,positive,Technology
649,Mawa bridge in Jhapa now turns useless,negative,Social Issues
650,"Huawei Watch GT 3 in Nepal: An upgrade after 3 years bring you durability, accuracy and customisation",positive,Technology
651,Increasing youth involvement in urban development is today's need: DPM Singh,positive,Social Issues
652,"With no inter-generational transformation, NepalÃ¢â‚¬â„¢s traditional local games are dying",negative,Social Issues
653,"7 years on, ride-sharing services in Nepal continue to suffer absence of regulation",negative,Social Issues
654,Discontent grows among teachers over agreement without Education Act,negative,Politics
655,"Nepal Covid-19 tally: 1,801 new cases, 1,924 recoveries, 24 deaths in 24 hours",negative,Social Issues
656,Muktinath area to be developed as religious tourism site,neutral,Politics
657,Lumbini is open to visitors after 8 months,neutral,Social Issues
658,"Man killed in khukuri attack at Ochu Height, Lalitpur",negative,Social Issues
659,Government hospitals now cannot make excuse for lack of medicines: Health Minister Paudel,negative,Politics
660,"Nepal Covid-19 tally: 1,948 new cases, 3,140 recoveries, 28 deaths in 24 hours",negative,Social Issues
661,Namibia sets Nepal a target of 276 runs,neutral,Sports
662,"Nepal detects OmicronÃ¢â‚¬â„¢s another new subvariant, BF.1",neutral,Social Issues
663,"Hearing on Bamdev Gautam's case adjourned again In constitutional bench, next hearing on Oct. 7",neutral,Politics
664,Nepal thrash Malaysia to win the ACC East Zone U16 Cup Cricket,neutral,Sports
665,Gai Jatra: NepalÃ¢â‚¬â„¢s festival that Ã¢â‚¬Ëœcelebrates deathÃ¢â‚¬â„¢,neutral,Entertainment
666,Aayush Kunwar aims to break a national record in Asian Athletics Championships,positive,Sports
667,FfD4: A crucial moment to rethink global finance for development,neutral,Economy
668,NepalÃ¢â‚¬â„¢s stateless people: This is how the withdrawal of the citizenship amendment bill was undesirable,negative,Politics
669,Traffic Police take action against 149 for driving under the influence of drugs,negative,Social Issues
670,Futsal culture disperses across Nepal. Sports enthusiasts are happy and hopeful,positive,Sports
671,Approval needed from disaster management committee for fixing deep boring in Parsa,neutral,Politics
672,Trading halted after triple negative circuit break on NEPSE,neutral,Economy
673,General Manager of Cricket Association resigns in disagreement with ChairmanÃ¢â‚¬â„¢s work,negative,Sports
674,How to make your router as efficient as it can be: 8 tips useful in Nepal,positive,Technology
675,Good governance is govt priority: DPM Shrestha,neutral,Politics
676,Oli's modus operandi is stifling dissenting voices say experts,negative,Politics
677,Ordinance unanimously approved,positive,Politics
678,Laboni Chakraborty: Nurturing NepalÃ¢â‚¬â„¢s classical music scene with passion and dedication,positive,Entertainment
679,Bribery scandal deepens as former minister Ranjeeta Shrestha comes under scrutiny,negative,Politics
680,Protests erupt outside NEA over Kulman GhisingÃ¢â‚¬â„¢s removal (Photos),negative,Politics
681,"Nepal Covid-19 tally: 1,790 new cases, 2,791 recoveries, 24 deaths in 24 hours",negative,Social Issues
682,President extends best wishes to cricket players,positive,Sports
683,Supreme Court stays the decision to sack Ramesh Silwal from the NSC,neutral,Politics
684,Senators reach bipartisan compromise on gun violence bill,neutral,Politics
685,"Constitution Day and National Day, 2025 being marked today",neutral,Politics
686,"NepalÃ¢â‚¬â„¢s food bowl is drying up, and no one was listening",negative,Social Issues
687,"Honda bikes and scooters: Nepal price list for July 2021. Plus, 5 bikes to watch",neutral,Technology
688,Honor X8a in Nepal: Will a 100MP camera and Helio G88 do wonders?,positive,Technology
689,It is time for beauty standards in Nepal to get a makeover,neutral,Social Issues
690,Kathaputali movie review: The puppet dance doesnÃ¢â‚¬â„¢t impress,negative,Entertainment
691,NepalÃ¢â‚¬â„¢s farming crisis: When plans stay on paper and fields suffer,negative,Social Issues
692,Covid-19 spread in Nepal on the rise again: Health Ministry,neutral,Social Issues
693,Price list: Best pickup trucks in Nepal for 2023,positive,Technology
694,Trekking trail built on the route to Dhaulagiri Base Camp,neutral,Entertainment
695,"Maguire spares Man Utd's blushes in Europe as Chelsea, Tottenham win",neutral,Sports
696,Sisdol locals warn of blocking garbage trucks from Kathmandu,negative,Social Issues
697,"Phosphenes: Unknown to many, the band are showing a new light in Nepali indie music",positive,Entertainment
698,"Price list: 8 best budget phones (under Rs 20,000) in Nepal for January 2022",positive,Technology
699,Tens of thousands turn out for Sydney pro-Palestinian march,neutral,Politics
700,"Mastakala: This startup offers you wood-carved gifts, customised for your happiness",positive,Economy
701,PM Oli honors Omnika Dangol for historic mountaineering feats,positive,Politics
702,"Invasive weeds spread across Nepal, marginalised communities most affected",negative,Social Issues
703,Sustainable tourism can reduce the industryÃ¢â‚¬â„¢s carbon footprint: NepalÃ¢â‚¬â„¢s potential,positive,Economy
704,This young man is on mission to let Nepalis access essential data for their lives,positive,Social Issues
705,Army continue winning run  at PM Cup,positive,Sports
706,"Viral TikTok videos claim Nepal imposed lockdown again. But, thatÃ¢â‚¬â„¢s false",negative,Social Issues
707,Beautiful scenery of Beni Bazaar,positive,Entertainment
708,546 Indian pilgrims visit Mount Kailash via Humla post-Covid (Photos),neutral,Social Issues
709,Kaur leads India to victory in Women's T20 World Cup,positive,Sports
710,Sherpa community celebrates Gyalpo Losar at Boudhanath (Photos),positive,Entertainment
711,Dhankuta stampede: 30 sustain injuries,negative,Social Issues
712,The invaluable role of teachers: Beyond monetary measures and political pursuits,neutral,Social Issues
713,Realme C30s in Nepal: A budget phone with no new features except faster touch response,positive,Technology
714,"Vice President Pun extends greetings on 'Udhauli', 'Yomari Punhi'",neutral,Politics
715,"Butwal police officer, accused of illegally seizing traderÃ¢â‚¬â„¢s valuables, arrested in possession of 400 grams of gold",negative,Social Issues
716,Vivo X Fold2 in Nepal: How will the brandÃ¢â‚¬â„¢s 2nd foldable smartphone fare in the market?,neutral,Technology
717,Humla inter-caste marriage: Missing teen found safe after 8 days,neutral,Social Issues
718,"National Assembly lacks business, says Chair Dahal",negative,Politics
719,"Khumbu ward-1 chair Sherpa urges Health Minister for establishment of 5-Bed hospital,...",neutral,Politics
720,Maina SunuwarÃ¢â‚¬â„¢s torture and death: A struggle for justice against the Nepali ArmyÃ¢â‚¬â„¢s cover-up,negative,Politics
721,Inside TU Cricket Ground renovation through photo feature,neutral,Sports
722,"Nepal wants to talk about border dispute with IndiaÃ¢â‚¬â„¢s Shringla. But, is he interested?",neutral,Politics
723,Digital Economy Report calls for ensuring environmental sustainability,neutral,Economy
724,Nepal starts buzzing as T20 World Cup kicks off,neutral,Sports
725,FinTech innovations: Transforming NepalÃ¢â‚¬â„¢s banking landscape,neutral,Economy
726,6 underrated Nepali musicians you should not miss listening to,positive,Entertainment
727,Squirrels may have given medieval Britons leprosy,negative,Others
728,Nepali women feel safe and empowered in Israel,positive,Social Issues
729,Health institutions run out of drugs in Madhes Province,negative,Social Issues
730,Royal Enfield picks Triveni GroupÃ¢â‚¬â„¢s Alpha Automotive as new distributor for Nepal,neutral,Economy
731,7 deadliest mountain tragedies of Nepal,negative,Natural Disasters
732,'Initiatives have been made to bring foreign technology to search for missing persons',neutral,Politics
733,Sajha YatayatÃ¢â‚¬â„¢s 3 new electric buses begin plying Kathmandu roads,neutral,Economy
734,7 malaria cases reported in Chitwan in one year,negative,Social Issues
735,Minister: Already sent diplomatic note to countries testing Covid-19 vaccine to secure NepalÃ¢â‚¬â„¢s share,neutral,Politics
736,8 Nepalis deported from the US in shackles and chains,negative,Social Issues
737,"Price list: 6 best smartphones under Rs 40,000 in Nepal",positive,Technology
738,13yo boy dies after falling from school bus in Sarlahi,negative,Social Issues
739,Price list: 9 best mid-range (Rs 20-50k) smartphones in Nepal as of August 2021,positive,Technology
740,"Despite a silver lining, Nepali schools lack a friendly environment for students with autism",negative,Social Issues
741,Nepal lived one long year in political instability since House dissolution. What next?,negative,Politics
742,Japan helps Nepal rebuild 274 schools after the 2015 earthquake,neutral,Natural Disasters
743,PM Oli urges aspirants to apply for scholarships,neutral,Politics
744,"2,020 new cases of COVID-19, 35 fatalities in 24 hours",negative,Social Issues
